{"최대": 8.430379746835442, "최소": -37.779661016949156, "평균": -0.7374146805748147, "표준편차": 4.341439284050596, "array": [0.0, 0.0, 0.0, 0.0, 0.0, 0.5, 0.0, 0.0, 0.0, 0.0, -11.15909090909091, 0.0, 1.2173913043478262, 0.0, -9.142857142857142, 0.0, -11.214285714285714, 0.0, 1.0, 0.0, 0.0, 0.0, 0.0, 0.0, 0.0, 0.0, 0.8, 0.0, 2.235294117647059, 0.0, 0.0, 1.5, 0.0, 0.0, 0.0, 0.0, 0.0, 3.0476190476190474, 0.0, 1.25, -21.902439024390244, 1.0740740740740742, 1.8, 0.0, 1.25, 0.0, 0.0, 0.0, -8.827956989247312, 3.2470588235294118, 0.5, 0.0, 0.0, 0.6774193548387096, 0.0, 0.0, 2.5434782608695654, -11.1, -21.933333333333334, 0.0, 0.0, 0.0, -8.622641509433963, 3.5, 0.8181818181818181, 0.0, -10.272727272727273, 0.0, 0.42424242424242425, 0.0, 0.0, 0.0, 0.0, 0.0, 0.0, 0.0, 0.0, 0.56, -10.28125, 0.46808510638297873, 1.4482758620689655, 0.0, 1.2777777777777777, 0.6888888888888889, 1.6666666666666667, 0.0, 2.8666666666666667, 2.1081081081081083, 0.0, 0.0, 0.3333333333333333, 0.0, 1.1333333333333333, 2.242424242424242, 0.45, 0.0, 0.0, 0.6938775510204082, 0.0, 0.0, 0.0, 0.0, 0.0, 0.0, 0.0, 0.0, 0.0, 3.5, 2.1666666666666665, 1.0, 0.0, 0.8, 0.0, 0.0, 0.0, 0.4444444444444444, 1.375, 0.0, 0.0, 0.0, 0.0, 0.0, 0.0, 0.0, 0.0, 0.0, -10.5, 0.0, 0.0, 0.0, -11.75, 0.0, 0.45454545454545453, 0.0, 3.4117647058823533, 3.25, 0.0, 0.0, 0.0, 0.0, 0.0, 0.0, 0.0, 0.0, 0.15384615384615385, 0.0, 0.0, 0.0, 0.0, 0.0, 0.0, 0.0, 0.0, 0.0, 0.0, 0.0, 1.7142857142857144, 0.0, 0.0, 0.0, 1.0, 2.0, 0.0, 0.0, -10.2, 0.0, 1.0, 0.0, -9.212121212121213, -10.450000000000001, 1.8181818181818181, 0.3333333333333333, 0.0, 0.0, -11.75, -10.296296296296296, 0.0, 0.0, -11.592592592592592, 1.8048780487804879, -9.333333333333334, 1.4166666666666667, -10.857142857142858, 0.0, -11.461538461538462, 1.6666666666666667, 0.0, 1.4545454545454546, 4.375, 0.0, 0.0, 0.0, -10.966666666666667, 2.0434782608695654, 1.76, 0.0, 1.3157894736842104, 2.227272727272727, 0.95, 0.0, 0.0, -30.175000000000004, 0.0, 0.0, 0.0, 0.0, -11.181818181818182, 0.75, 0.0, -10.0, 0.0, 0.0, 0.0, 0.0, 0.0, 0.0, 6.2155618755925035, 0.0, 0.029411764705882353, 0.0, 0.0, 0.0, 1.2, 0.0, 0.0, 0.0, 0.0, 0.0, 0.0, 0.0, 0.0, 3.428571428571429, 0.0, 0.0, 0.0, 1.2352941176470589, 0.0, 0.0, 0.0, 0.0, 0.0, 0.0, 1.2857142857142858, 0.0, 0.0, 1.4642857142857142, 0.0, 0.0, 0.0, 0.0, 1.1578947368421053, 0.0, 0.0, 0.0, 0.0, 0.0, 1.2, 0.0, 0.0, 0.0, 2.6774193548387095, 0.0, 0.0, 0.0, 0.0, 0.0, 0.0, 0.0, 0.0, 1.6428571428571428, 0.0, 0.0, 2.217391304347826, 0.0, 1.0392156862745099, 0.0, 0.0, 0.0, 0.0, 0.0, 0.0, 3.6363636363636367, 4.916666666666666, 0.0, 0.25, 0.2, 0.0, 0.0, 0.0, 0.0, 0.0, 0.0, 0.0, 2.2, 0.0, 0.0, 1.7, 0.0, 0.0, 0.0, 1.4615384615384615, 0.0, 1.5555555555555556, 0.0, 0.8888888888888888, 0.0, 0.0, 0.0, 0.0, 0.0, 0.0, 0.0, 0.0, 0.0, 0.0, 0.0, 0.0, 0.0, 0.0, 0.0, -11.379310344827587, 0.0, -11.787878787878787, 1.575, 0.96, -5.607142857142858, 0.0, 0.0, 0.0, 0.0, 1.7272727272727273, 0.7567567567567568, -21.894736842105264, 0.0, -10.777777777777779, -10.655172413793103, -37.779661016949156, 0.0, 5.053571428571429, 0.0, -22.342105263157894, 1.5263157894736843, 3.3000000000000003, 0.0, 0.0, 2.230769230769231, 1.4210526315789473, 0.0, 3.0786516853932584, 0.0, 2.6756756756756754, -8.138297872340425, -8.72340425531915, -8.938144329896907, -11.569767441860465, -8.391666666666667, 8.430379746835442, 2.4642857142857144, 3.5128205128205128, 0.0, 0.0, 0.0, 0.0, 0.0, -21.923076923076923, -10.157894736842104, 0.0, 0.0, 1.6857142857142857, -6.750000000000001, 0.0, 2.257142857142857, 0.0, 2.9642857142857144, 0.0, 3.7241379310344827, 1.8, 0.0, 0.0, 1.6896551724137931, 0.0, 0.0, 0.0, 1.0, 1.3, 1.0, 2.1860465116279073, 0.3333333333333333, -11.0, 0.0, 2.09375, 0.0, 0.47619047619047616, 0.0, 0.0, 0.0, 1.2, 1.8, 0.0, 3.176470588235294, 0.0, 2.8125, 2.3488372093023253, 1.3636363636363635, -8.263157894736842, 0.0, 0.0, 0.0, 0.0, 0.0, 0.0, 0.0, 0.0, 0.0, 0.0, 0.0, 0.0, 0.0, 0.09523809523809523, -10.571428571428571, 0.0, 0.0, 0.0, 0.0, 0.0, 2.1875, 0.0, 0.782608695652174, 0.0, -11.964285714285714, 0.0, 0.0, 0.0, 0.0, 0.0, 0.0, 0.9523809523809523, 0.0, 0.0, 0.0, 0.0, 0.0, 2.4375, 0.0, 0.0, 0.0, 0.0, 0.0, 0.41379310344827586, 0.0, 0.0, 2.05, 0.0, 0.0, 0.0, 0.0, 0.0, 0.0, 0.0, 0.0, 0.0, 0.0, 0.0, 0.0, 1.5416666666666667, 0.0, 0.0, 0.0, 0.0, 0.0, 0.0, 0.5178571428571429, 0.0, 1.0909090909090908, -11.533333333333333, 0.0, 0.0, 0.0, 0.0, 0.0, 0.0, 0.0, 0.0, 0.0, -9.914893617021278, 0.0, 1.588235294117647, 0.0, 1.6911764705882353, 0.0, 0.0, 0.0, 0.0, 1.9074074074074074, -6.865671641791045, 5.0625]}