{"최대": 6.5476190476190474, "최소": -81.21859706362156, "평균": -1.2548147034306443, "표준편차": 6.163828361307584, "array": [-9.933673469387756, 0.0, -10.851851851851853, 0.0, 0.0, 0.0, 0.0, 0.0, 0.0, 1.5, 0.8333333333333334, 1.0, 0.5555555555555556, 0.0, 0.6, 0.0, 0.0, 0.0, 0.0, 0.0, 0.0, 1.6296296296296295, 0.7222222222222222, 0.0, 0.0, 0.0, 0.0, 0.0, -11.9, 0.0, 0.0, 0.0, 1.0833333333333333, 0.0, 1.8947368421052633, -10.4, 0.0, 0.0, 1.3157894736842106, 0.0, 0.0, 1.7333333333333334, 3.6296296296296298, 0.0, -11.705882352941176, 0.0, 0.7105263157894737, 0.7142857142857143, 0.75, 0.0, 0.0, 0.6666666666666666, 0.5294117647058824, 0.0, 0.0, 1.2857142857142856, 0.0, 1.3333333333333333, 1.263157894736842, 2.4, 2.125, 1.5333333333333334, 0.0, 0.0, 1.1818181818181817, 4.08, -7.765625, 0.0, 0.0, 1.5454545454545454, 1.3793103448275863, 0.0, 0.0, 0.625, 0.0, 0.8, 1.68, 1.6, 0.0, 0.0, 0.0, 0.0, 0.4523809523809524, 1.2619047619047619, 0.0, 0.0, 0.0, 0.0, 2.5128205128205128, 1.1578947368421053, 0.12121212121212122, 0.0, 1.9090909090909092, 0.0, 0.0, 0.0, 0.0, 0.0, -10.09090909090909, -11.842105263157894, 0.0, 2.5357142857142856, 0.0, 0.2916666666666667, 0.0, 0.18518518518518517, 0.0, 0.0, 2.9210526315789473, 4.5, 0.0, 0.0, 0.0, 0.0, 0.0, 0.0, 0.0, 0.9047619047619048, 0.0, -10.416666666666666, 0.0, 0.0, 0.0, 0.0, 0.0, 0.0, 0.0, 0.0, 0.5384615384615384, 0.0, 0.0, 1.125, 0.0, 0.0, 0.0, 6.5476190476190474, 0.0, 0.9032258064516129, 0.0, 0.0, 2.1794871794871793, 2.7058823529411766, 0.0, 0.43478260869565216, 0.6521739130434783, 0.0, 2.875, 1.5263157894736843, 2.0576923076923075, 0.0, -32.44, 0.0, 0.0, -31.633663366336638, -10.659340659340659, 0.0, 0.0, 0.0, 1.6341463414634145, 1.5333333333333334, 0.0, 0.0, 0.0, 0.0, 1.7428571428571429, -11.294117647058824, 0.0, -8.807692307692307, 1.7142857142857142, 0.03225806451612903, 1.4, 0.0, 0.0, -10.722222222222221, 0.0, 0.0, 0.0, -10.68, -9.434782608695652, 1.8, 0.0, 0.0, 0.19402985074626866, 0.0, 3.5233644859813085, 0.0, 1.1176470588235294, -11.36, 0.0, 0.0, 0.0, 2.0952380952380953, 0.0, 0.0, 0.6190476190476191, 0.0, 5.208333333333333, -10.4, 0.0, -10.642857142857142, 0.9545454545454546, -10.944444444444445, 0.0, -11.576923076923077, -7.361111111111111, 0.9491525423728814, 0.0, 0.2222222222222222, 0.0, 0.0, 0.0, 0.0, 0.76, 0.0, 0.0, 0.7142857142857143, 0.0, 0.0, 0.17391304347826086, 0.0, 1.5, 0.0, 0.0, 1.0338983050847457, 0.0, 0.0, 0.0, 0.0, 1.25, 0.0, 0.0, -10.0, 0.0, 1.2769230769230768, 0.85, 0.0, 0.0, 0.0, 0.0, 0.0, 0.0, -10.727272727272727, 0.0, 0.0, 0.0, 2.0, 0.5, 0.625, 0.0, 0.0, 0.0, 0.0, 0.0, 0.0, 0.0, 0.0, 0.0, 0.0, 0.6666666666666666, 0.0, 0.0, 0.0, 0.0, -23.384615384615383, 1.0, 0.0, 0.0, -8.0625, 0.0, 1.0571428571428572, -10.488888888888889, 3.5999999999999996, 0.38461538461538464, 0.0, 0.0, 0.0, 0.0, 0.0, 0.0, 0.0, 0.0, 0.0, 0.0, 0.0, 0.0, 0.0, 0.0, 0.0, 1.5833333333333333, 0.0, 0.0, 0.0, 0.0, -10.789473684210526, 0.0, 0.0, 0.0, 0.0, -10.980392156862745, 0.0, -10.1875, -9.235294117647058, 0.0, 0.0, 0.0, -11.344827586206897, 0.0, 0.0, 0.0, 0.0, 0.0, -12.0, -9.166666666666668, 0.0, 0.0, 0.0, 0.0, -10.096774193548388, 1.5, 0.0, 0.0, -10.3, 0.0, 0.0, -10.26984126984127, -10.0, -21.261904761904763, 0.0, 0.0, 0.0, 0.0, 0.0, -11.047619047619047, 0.0, 2.1515151515151514, 0.0, 4.378378378378379, 1.911111111111111, 0.0, -10.166666666666668, 0.0, 0.0, 0.0, 0.0, 0.0, 0.0, 0.0, 0.0, 0.0, 0.0, -8.64, 0.0, 0.0, 0.0, 0.0, 1.5454545454545454, 1.6923076923076923, 2.125, 0.0, -22.743243243243242, 3.35, 0.0, 0.0, 0.0, 0.0, 0.0, 1.0, 0.0, 0.0, 0.0, 1.6923076923076923, 0.0, 0.0, 0.0, 1.625, 0.0, 0.0, 0.875, 1.25, 4.428571428571429, -8.989690721649485, 0.0, 0.0, 0.0, 1.28, 0.0, 2.96875, 0.0, 0.0, 0.0, -55.4712643678161, 0.7592592592592593, 0.0, -22.357142857142858, 0.0, 0.0, 0.4375, 1.7619047619047619, 1.6511627906976745, 2.25, 1.24, 1.9166666666666665, 4.730769230769231, 0.0, 0.0, -9.589285714285714, 1.675, -81.21859706362156, 0.0, 4.15625, 0.5, 0.0, 1.2040816326530612, 0.0, 1.2857142857142858, 0.0, 2.8125, 0.0, 0.0, 1.7647058823529411, 0.0, 0.0, 0.0, 1.1071428571428572, 0.0, 2.1304347826086953, 0.0, 0.0, 0.0, 0.0, 0.0, 0.0, 0.0, 0.11428571428571428, -10.666666666666666, 0.0, 0.0, 0.0, -8.717391304347826, 0.0, 0.0, 0.0, 0.0, 0.0, -19.942857142857143, 0.0, 1.1538461538461537, 0.0, 0.375, 0.0, 0.0, 0.0, 0.0, 0.0, 0.0, 0.0, 0.1111111111111111, 0.0, 0.0, -11.425, 0.0, -10.675675675675675, 0.0, 1.1379310344827587, 0.20689655172413793, 0.9375, 0.0, 1.5555555555555556, 1.0909090909090908, 0.0, 0.0, 0.0, 0.0, 0.0, 0.0, -10.421052631578947, 1.6428571428571428, -18.214285714285715, 2.716666666666667, 0.8313253012048193, 1.0625, 0.0, 1.5970149253731343, -10.014705882352942, 0.0, 0.8035714285714286, 2.5671641791044775, 0.0, -10.857142857142858, 0.0, 0.0, 0.0, 0.5862068965517241, 0.0, 0.0, 1.3170731707317074, -11.357142857142858, 0.0, 0.9146341463414634, -10.936170212765958, -11.6875, 2.206896551724138, 3.8666666666666667, 1.88135593220339, 0.0, 2.48, 0.0, 1.227272727272727, -10.637362637362637, 0.0, 1.7419354838709677, 4.383561643835616, -10.808219178082192, 2.9523809523809526, 0.0, 0.0, 0.5432098765432098, 1.5, 0.0, 0.0, 0.0, 0.0, 0.0, 0.0, -29.796875, 3.413793103448276, 0.8888888888888888, 0.0, 0.0, 0.0, -11.107142857142858, 1.4814814814814814, -11.333333333333332, 0.0, 0.0, -10.153846153846153, 0.0, 0.0, 1.3636363636363635, 0.3684210526315789, 5.588235294117647, 0.0, 0.0, 1.9411764705882353, 0.0, 0.0, 0.0, 0.0, 0.0, 0.0, 0.0, -9.333333333333332, -11.066666666666666, 0.0, 0.0, 1.6, 0.0, 0.0, 0.0, -22.166666666666664, 1.5769230769230769, 0.0, 0.0, 0.0, 2.7222222222222223, 0.0, 0.0, 2.0526315789473686, 0.0, -9.625, 0.0, 0.0, 4.857142857142857, 0.7, 1.5, 0.35714285714285715, 0.0, 0.0, 0.0]}