{"최대": 6.445652173913044, "최소": -31.40077821011673, "평균": -0.7158609349501769, "표준편차": 3.8557998315819284, "array": [0.0, 0.0, 0.0, 0.0, 0.0, 0.0, 0.0, 0.0, 1.8333333333333333, 0.0, 0.0, 1.6111111111111112, 1.75, 0.0, 6.445652173913044, 0.0, 0.8571428571428571, 0.0, 0.0, 0.0, 0.0, 0.0, 0.0, 1.8461538461538463, 0.0, 0.6265060240963856, 1.1914893617021276, 0.0, 4.608695652173913, 1.125, -9.315068493150685, 2.426829268292683, 0.0, 0.0, 0.0, 0.0, 0.0, 0.0, 0.0, 0.07692307692307693, 0.0, 0.0, 0.0, 0.0, 0.0, 3.0, 0.0, 0.6896551724137931, 0.0, 1.6333333333333333, 0.0, 0.0, 0.0, 0.0, 0.0, 0.0, 0.0, 2.3636363636363638, 0.0, 0.0, 0.0, 0.0, -11.222222222222221, 0.0, 0.0, 0.0, 1.875, 0.0, 0.0, 0.0, 0.75, 0.0, 0.0, 0.0, 0.0, -11.619047619047619, 0.0, 0.7, 0.0, 0.0, 0.0, 0.0, 0.0, 0.0, 0.0, 0.9090909090909091, 0.8, 0.0, 0.0, 0.0, 0.0, 0.0, 0.6, 0.0, 0.0, 0.0, 0.0, 0.0, 0.0, -10.1875, 1.5555555555555556, 0.5, 0.0, -10.5, -11.133333333333333, -9.571428571428571, 0.0, 0.0, 0.0, 1.6585365853658536, 1.0, 1.2222222222222223, -10.027777777777779, 0.0, 0.0, -7.765625, 0.0, 0.0, 1.5454545454545454, 1.3793103448275863, 0.0, 0.0, 0.625, 0.0, 0.8, 1.68, 1.6, 0.0, 0.0, 0.0, 0.0, 0.4523809523809524, 1.2619047619047619, 0.0, 0.0, 0.0, 0.0, 2.5128205128205128, 1.1578947368421053, 0.12121212121212122, 0.0, 0.0, 0.0, 2.25, 0.0, 0.0, 0.0, -10.555555555555555, 0.0, 1.8333333333333333, 0.0, 0.0, 1.8, 0.0, 1.3636363636363635, 0.0, 0.0, 0.0, 0.0, 0.0, 0.0, 0.5952380952380952, 0.0, 0.0, 0.0, 0.0, 1.6875, 0.0, 0.0, 2.75, 0.0, 0.0, 2.0, 0.0, 4.541666666666666, 0.0, 0.0, 6.2155618755925035, 0.0, 2.0, 0.4444444444444444, 2.7272727272727275, -9.983050847457628, 1.078125, 0.0, 0.8541666666666666, 0.0, 0.0, 2.5517241379310347, 0.0, 1.5263157894736843, 0.0, 0.0, 1.6666666666666667, -8.666666666666668, 0.0, 0.0, 0.0, 0.0, 0.0, 0.0, 0.0, 0.8, 1.25, -8.96875, 0.0, 0.0, -10.041666666666666, 0.0, 0.4, 2.0, 0.0, 0.0, 0.0, 0.0, 2.260869565217391, -9.272727272727273, -11.821428571428571, -10.777777777777779, 2.0, -21.5, -11.68, 0.0, 0.0, 0.0, 0.0, -7.499999999999999, 0.0, 0.7692307692307693, 2.0, 0.7272727272727273, 2.619047619047619, 1.0869565217391304, 0.0, 0.0, 0.0, 0.0, -12.083333333333334, 3.6388888888888893, 0.0, 0.0, 0.0, 0.0, 0.0, 0.0, 1.6111111111111112, 0.0, 0.0, 0.0, -11.11111111111111, -5.461538461538462, 3.666666666666667, 0.0, 0.0, 0.0, -23.141025641025642, -9.458762886597938, 0.23404255319148937, 1.8855421686746987, 0.0, 0.0, -31.40077821011673, -10.641952983725135, 0.0, 0.0, -10.265560165975103, 0.0, -9.744, 0.19607843137254902, 0.0, -21.828125, 0.0, 0.0, -10.405797101449275, 0.0, -10.891891891891891, 0.0, -10.0, -10.536363636363637, 0.0, 0.0, 0.0, 0.0, 0.0, 0.0, 0.0, 0.3181818181818182, 0.0, 0.0, 0.0, 0.0, 0.0, 0.0, 0.0, 0.0, 0.0, 0.0, 0.0, 0.0, 0.0, 0.0, 0.0, 0.0, 2.5454545454545454, 0.0, 0.0, 0.0, 2.0, 0.0, 0.0, 0.0, 0.0, 0.0, 0.0, 0.0, 0.0, 0.0, 3.1568627450980395, 1.5, 0.0, 0.0, 0.0, 0.0, 0.0, 0.0, 0.0, 0.0, 0.0, 0.0, 0.0, 0.0, 0.0, 1.1666666666666667, -11.0, 3.0, 0.0, 0.0, 0.0, 0.0, 0.0, 1.1818181818181819, 0.0, 0.0, 0.0, 0.0, 0.0, 0.0, 0.0, 0.0, 0.0, 0.0, 0.0, 0.0, 0.0, 0.0, -11.0, 0.0, 0.0, 0.0, -11.11111111111111, 0.42857142857142855, -10.151515151515152, 0.3333333333333333, 0.0, 0.0, 0.6923076923076923, 0.0, 0.0, 0.0, 1.4285714285714286, 0.0, 0.0, 0.0, 0.0, 1.0, 0.0, 0.0, 0.0, 0.125, 0.0, 0.0, 0.0, 0.0, 0.0, 0.0, 0.0, 0.0, 0.0, 0.0, 0.0, 0.0, 0.0, 0.0, 0.0, 0.0, 0.7307692307692307, 0.2, 1.5555555555555556, 0.3333333333333333, 0.0, 0.0, 0.0, 0.0, 0.0, 0.0, 0.0, 0.21153846153846154, 0.0, 0.0, 2.2448979591836733, 0.0, 0.0, 0.0, 0.0]}