{"최대": 6.9, "최소": -22.38235294117647, "평균": -0.7495774954781917, "표준편차": 3.9622796252691677, "array": [3.2075471698113205, 0.0, 0.0, 0.0, 0.25, 0.0, 0.0, 2.416666666666667, 0.0, 0.0, 0.0, 0.0, 0.0, 0.7435897435897436, 0.0, 0.07142857142857142, 1.2413793103448276, 0.0, 0.0, 0.0, 0.0, 0.0, 0.0, 0.0, -9.428571428571427, 0.8125, -9.953488372093023, -8.425287356321839, 0.0, 0.0, 1.7272727272727273, 0.0, 2.25, 0.0, 0.5833333333333333, 0.0, 2.8076923076923075, 0.0, 0.0, 0.0, 0.0, 0.0, 0.0, 0.0, 0.0, 0.0, 0.0, 0.0, 0.0, 0.0, 0.0, -11.588235294117647, -11.333333333333334, 0.0, 2.3225806451612905, 0.0, 1.6206896551724137, 0.0, -10.51219512195122, 0.0, 0.0, -10.857142857142858, 2.0408163265306123, 0.9545454545454546, 0.0, -11.842105263157894, 2.2857142857142856, 0.0, 0.0, 0.0, 0.0, 2.107142857142857, 0.0, 1.4782608695652173, 0.0, 0.0, 0.0, 0.0, 1.5, 0.0, 0.0, 0.0, 0.0, 0.0, 0.0, 0.0, 1.6666666666666667, 0.0, 0.0, -10.307692307692308, 0.0, 0.0, 0.0, 0.0, 0.0, -10.45, 0.0, 0.0, 0.0, 0.0, 0.0, 0.0, 0.0, 0.0, 0.0, 0.0, 0.0, 0.0, 0.0, 0.8108108108108109, 0.0, 0.0, 0.0, 3.645161290322581, 0.0, 0.3958333333333333, 0.0, 0.0, 0.0, 0.0, 0.0, 0.0, 0.0, 0.0, 0.0, 0.0, 2.6923076923076925, 0.0, 0.0, 0.5384615384615384, 0.0, 0.0, 0.0, 0.0, 0.0, 0.0, 0.0, 0.0, 0.0, 0.0, 0.0, 0.0, 0.0, 0.0, 0.0, 0.0, 0.0, 0.0, 1.05, 0.0, 0.0, 0.0, 0.0, 0.0, 1.125, 0.0, 0.0, 0.0, 0.0, 0.0, 0.0, 0.0, 0.0, 0.0, 0.0, 0.0, 0.0, -21.0, 0.0, 0.0, 0.0, 0.0, 0.0, 0.0, 0.0, 0.0, 0.0, 0.0, 0.0, 0.0, 0.0, -10.083333333333334, 0.0, 0.0, 0.0, 0.0, 0.0, 0.0, 0.0, -11.181818181818182, 0.0, 0.0, 3.6410256410256414, 0.0, 1.3333333333333333, 0.5, 0.0, 2.7777777777777777, 0.0, 0.0, -6.592592592592593, 0.0, 1.7058823529411764, 0.0, 5.607142857142858, -11.264705882352942, 0.0, 0.0, 0.0, 0.0, -14.116564417177917, 0.0, 0.0, 0.0, 0.0, -8.299999999999999, 0.0, 0.0, 2.1578947368421053, 1.15, 1.8636363636363638, 1.206896551724138, 0.0, 0.0, -11.113636363636363, 1.1851851851851851, 0.825, 0.0, -22.38235294117647, 0.8387096774193549, -21.365384615384617, -21.367346938775512, 0.0, 0.0, -8.563636363636363, 3.0999999999999996, -5.580000000000002, 1.8, -8.342465753424658, 0.5384615384615385, 4.238095238095238, 1.2307692307692308, 1.328358208955224, 6.9, 3.3275862068965516, -8.365853658536585, 4.0735294117647065, -6.252173913043479, 0.0, 0.0, 0.0, 0.0, 0.0, -11.25, 3.8666666666666667, 0.0, 0.0, 0.0, 1.8, 0.0, 2.0689655172413794, 0.0, 1.8260869565217392, 1.9, 1.6363636363636365, 0.0, 5.862068965517241, 0.0, 0.0, 0.0, 0.0, -10.0, 1.588235294117647, 3.1363636363636362, 1.3, -10.830508474576272, 0.0, 1.3859649122807018, 0.5555555555555556, 0.0, 0.0, 0.0, 0.0, 0.0, 3.8684210526315788, 0.0, 0.0, 0.0, 2.806451612903226, 0.0, 0.0, 1.5, 0.0, 0.0, 0.0, 1.0454545454545454, 0.0, 0.0, 1.75, 0.0, 0.0, 0.0, 0.3333333333333333, 0.0, 0.0, 0.0, 0.0, 0.0, -9.454545454545453, 0.0, 0.0, -21.65765765765766, 0.0, 0.0, 0.0, 0.0, -11.633333333333333, 0.0, 0.0, 0.0, 0.0, 0.0, -10.916666666666666, 0.0, 0.0, 0.0, 0.0, 0.0, 0.0, 2.75, -8.899999999999999, 0.0, 0.0, 0.0, 0.0, 0.0, 0.0, 0.0, 0.0, 1.9285714285714286, 0.0, 0.0, 0.0, 0.0, 0.0, -5.26923076923077, 0.2222222222222222, 0.0, 1.3243243243243243, 0.0]}