{"최대": 5.153846153846153, "최소": -43.670103092783506, "평균": -1.0893391702209034, "표준편차": 4.495130334886889, "array": [0.0, 0.0, 0.0, 0.0, 0.0, 1.5769230769230769, 1.6571428571428573, 0.0, 0.0, 0.0, 0.0, 0.0, 1.5757575757575757, 0.0, 0.0, 0.0, 0.8, 1.048780487804878, 3.0, 1.4736842105263157, 5.153846153846153, 1.625, 0.0, 0.0, -8.82, 0.0, -22.515151515151516, 0.3939393939393939, 0.0, 0.0, 0.0, 1.1851851851851851, -11.175438596491228, 0.0, 0.0, -10.75, -9.142857142857142, -9.475000000000001, 0.0, 0.0, 0.8604651162790697, 0.0, 0.0, -10.407407407407408, 0.0, 0.0, 0.5, 0.0, -10.901639344262295, 0.0, -10.857142857142858, 0.0, 0.0, 1.1, 0.0, -11.45, 0.0, -10.0, 0.0, 0.0, 0.0, 0.0, -10.25, 1.2857142857142858, 0.0, 0.0, 0.6818181818181818, 0.0, 0.0, 1.8333333333333333, 1.5714285714285714, 0.0, 0.0, 3.2608695652173916, 0.0, 0.8214285714285714, 0.0, 1.32, 0.0, 0.0, 0.0, 0.0, 0.0, 0.0, 0.0, 0.0, 0.0, 0.0, 0.0, -11.285714285714286, 0.0, 0.0, 0.0, 0.0, 2.25, 0.8333333333333334, -21.6875, 0.0, 1.4375, 0.0, 0.0, 0.0, 1.7727272727272727, 1.6428571428571428, 1.0, 0.0, 0.0, 1.9473684210526314, 1.2142857142857142, 0.13043478260869565, -11.916666666666666, 0.5, 0.0, 0.0, 0.0, 0.0, 0.0, 1.2857142857142858, 0.0, 2.59375, 0.0, 0.0, 0.0, 0.0, 0.0, 0.0, 0.7857142857142857, 0.0, 1.434782608695652, 0.0, 0.0, 0.0, 0.0, 0.0, 0.0, 0.0, 0.11428571428571428, -10.666666666666666, 0.0, 0.0, 0.0, -11.206521739130435, 0.0, 0.0, 0.0, 0.0, 0.0, -19.942857142857143, 0.0, 1.1538461538461537, 0.0, 0.375, 0.0, 0.0, 0.0, 0.0, 0.0, 0.0, 0.0, 0.1111111111111111, 0.0, 0.0, 0.0, 0.0, 0.125, 0.0, -11.05084745762712, 0.9807692307692308, 1.7230769230769232, 0.0, -10.4375, -10.048780487804878, 3.6842105263157894, -10.2, -10.12, -10.625, 0.0, -11.7, 0.0, 1.5454545454545454, 0.0, 0.0, 0.0, 0.0, 0.0, 0.0, 0.0, 0.0, 0.0, 0.0, 2.6500000000000004, -9.32258064516129, 0.0, 0.0, 0.0, 0.0, -9.571428571428571, 0.0, 0.0, 0.0, 0.0, 0.0, 0.0, 0.0, 0.0, -10.91304347826087, 0.0, 0.0, -9.585365853658535, 0.0, -12.045454545454545, 0.0, 0.0, 0.0, 0.0, 0.0, 0.0, 0.0, -11.5, 0.0, 0.0, 0.0, -11.826086956521738, 0.0, 0.0, 0.0, -43.670103092783506, 4.15625, 0.5, 0.0, 1.2040816326530612, 0.0, 1.3157894736842106, 0.0, 0.0, 1.7333333333333334, 3.6296296296296298, 0.0, -11.705882352941176, 0.0, 0.7105263157894737, 0.0, 0.0, 0.0, 0.0, 0.0, 0.0, 0.0, 0.0, 0.75, 0.0, 1.3333333333333333, 1.263157894736842, 2.4, 2.125, 1.5333333333333334, 0.0, 0.0, 0.9090909090909091, 1.24, 0.0, 0.0, 0.0, 2.8363636363636364, 0.0, 0.0, 0.0, 0.0, 0.0, 0.0, 0.0, 0.0, 0.0, 0.0, 0.0, 0.0, 0.0, 0.0, 0.0, 0.0, 0.0, -10.742857142857144, 0.0, 1.8043478260869565, 4.363636363636363, 0.20930232558139536, 0.0, 0.4489795918367347, 0.0, 0.0, 1.8333333333333333, 2.6428571428571432, -8.142857142857142, 2.4857142857142858, 0.0, -22.880000000000003, 0.0, 2.4310344827586206, 0.0, 1.0491803278688525, 0.0, 2.723076923076923, 0.0, 0.0, 0.0, -21.310810810810814, 0.0, -8.717647058823529, 1.5, 0.0, 0.0, -11.392857142857142, 0.0, 0.0, 0.0, 0.0, 0.0, 0.0, 0.0, 0.9, 0.0, 0.0, 0.0, 1.8461538461538463, 0.0, 0.7916666666666666, 1.606060606060606, -9.608695652173914, 0.0, -6.888888888888889, 0.0, 0.0, 0.6875, 0.0, 0.0, 0.0, 1.6, 0.0, 0.0, 1.5, 0.0, 2.090909090909091, 0.0, 0.0, 0.0, 0.0, 0.0, 0.0, 0.0, 0.0, 0.0, 0.0, 0.0, 0.0, 1.75, 0.0, 0.0, 0.0, 0.0, 0.0, 0.0, 0.0, 0.0, 0.0, 0.0, 0.0, 0.0, 0.0, 0.0, 0.0, 0.0, 0.0, 0.0, 0.0, -12.0, 0.0, 0.0, 0.0, 0.0, 0.0, 0.0, 0.0, 0.0, 0.0, 0.0, -8.037037037037038, 0.0, 0.0, 0.0, 0.0, 1.1914893617021276, 0.0, 4.608695652173913, 1.125, -9.315068493150685, 2.426829268292683, 0.0, 0.0, 0.0, 0.0, 0.0, -9.280000000000001, -21.548387096774192, 0.0, -8.580645161290322, -22.176470588235297, 3.3, 0.0, -8.408163265306124, -10.681818181818182, 1.9431818181818183, 1.40625, 0.0, 0.0, 0.0, 0.0, -9.333333333333332, 0.0, 0.0, 0.0, 0.0, 0.0, 0.0, 0.0, 1.0, 0.0, -11.0, 0.0, 0.0, 0.0, 0.0, 0.0, 0.0, 0.0, -10.827586206896552, 1.5, 2.3666666666666667, 0.0, 0.0, 0.0, 0.0, 0.0, 0.0, 0.0, 0.0, 3.1764705882352944, 0.0, 0.4, 0.0, 2.380952380952381, 0.0, -8.85, 0.0, -6.999999999999999, 0.0, 0.0, -11.10344827586207, 0.0, 0.0, 0.0, 0.0, 0.0, 0.0, 0.0, 0.0, 0.0, 0.0, 0.0, 0.0, 0.0, 1.6956521739130435, 0.18181818181818182, 0.0, 0.0, 0.0, 0.0, -10.153846153846153, 0.0, 0.0, 0.0, 0.0, 0.0, 0.0, 0.0, 0.0, 0.0, 0.0, 0.0, 0.0, 0.0, 1.846153846153846, 0.625, 0.0, 0.0, 0.0, 0.8823529411764706, -10.441176470588234, 0.0, 0.0, 0.0, 1.0833333333333333, -9.142857142857142, 1.696969696969697, 0.0, 1.2, -21.666666666666664, 0.0, 1.6451612903225807, -11.827586206896552, 0.0, 0.0, 0.0, 0.0, 0.0, 0.0, 0.0, 0.0, 0.0, -10.75, 2.5357142857142856, 0.0, 0.0, 0.0, 0.0, 0.16666666666666666, 0.0, 0.0, 0.0, 0.0, 0.0, -11.903225806451614, 0.0, 1.5, 0.0, 0.0, 0.0, 0.0, 0.0, 0.0, 0.0, 0.0, 0.0, -7.765625, 0.0, 0.0, 0.0, 1.3793103448275863, 0.0, 0.0, 0.625, 0.0, 0.8, 1.68, 0.0, 0.0, 0.0, 0.0, 0.0, 0.4523809523809524, 0.0, 0.0, 0.0, 0.0, 0.0, 2.5128205128205128, 0.7368421052631579, 0.12121212121212122, -10.342857142857143, 0.0, 0.0, 0.0, 0.0, 0.0, 0.0, 0.0, -23.0, 0.0, 0.0, 0.0, 0.0, 0.0, 0.0, 0.0, 0.0, 0.0, 0.0, 0.0, 0.0, 2.770833333333333, 0.0]}