{"최대": 6.659340659340659, "최소": -43.670103092783506, "평균": -0.941136457058847, "표준편차": 4.4947606502070485, "array": [1.40625, 0.0, 0.0, 0.0, 0.0, -9.333333333333332, 0.0, 0.0, 0.0, 1.2857142857142858, 0.0, 1.5714285714285714, 0.0, 1.0, 0.0, -11.0, 0.0, 0.0, 1.0, 0.0, 0.0, 0.0, 0.0, -10.344827586206897, 1.5, 2.3666666666666667, 0.0, 0.0, 0.0, 0.0, 0.0, 3.5999999999999996, 0.0, -21.4, 0.0, 3.5517241379310343, 0.0, 1.0491803278688525, 0.0, 2.723076923076923, 0.0, 0.0, 0.0, -20.391891891891895, 0.0, -8.717647058823529, 4.35, 0.0, -10.901639344262295, 0.0, -10.857142857142858, 0.0, 0.0, 1.1, 0.0, -11.45, 0.0, -10.0, 0.0, 0.0, 0.0, 0.0, -10.25, 1.2857142857142858, 0.0, 0.0, 0.6818181818181818, 0.0, 0.0, 0.0, 2.8666666666666667, 1.0952380952380953, -9.280000000000001, -20.532258064516128, 0.0, -8.580645161290322, -22.176470588235297, 3.3, 0.0, -3.6938775510204085, -10.681818181818182, 2.5795454545454546, 0.0, 0.6265060240963856, 1.1914893617021276, 0.0, 4.608695652173913, 1.125, -9.315068493150685, 2.426829268292683, 0.0, 0.0, -11.392857142857142, 0.0, 0.0, 0.19047619047619047, 0.0, 0.0, 0.0, 0.0, 0.9, 0.0, 0.0, 0.23809523809523808, 1.8461538461538463, 0.0, 2.4166666666666665, 1.606060606060606, -9.434782608695652, 0.0, -5.96825396825397, -8.82, 0.0, -20.606060606060606, 0.9090909090909091, 0.35294117647058826, 1.5789473684210527, 0.8888888888888888, 1.1851851851851851, -11.12280701754386, 0.0, 0.0, -10.59375, -9.142857142857142, -9.475000000000001, 0.0, 1.1935483870967742, 1.7674418604651163, 0.0, 0.0, -10.407407407407408, 0.7777777777777777, 1.4166666666666667, 0.6388888888888888, 0.0, -10.342857142857143, 0.0, 0.0, 0.0, 0.0, 0.0, 0.0, 0.0, -23.0, 0.0, 0.0, 0.0, 0.0, 0.0, 0.0, 0.0, 0.0, 0.0, 0.0, 0.0, 0.0, -10.2, -9.079999999999998, -10.625, 0.0, -11.7, 0.0, 3.0, 0.0, 0.0, 0.0, 0.0, 0.0, 0.0, 0.0, 0.0, 0.0, 0.0, 2.6500000000000004, -9.32258064516129, 0.0, 0.0, 0.0, 0.0, -9.571428571428571, 0.0, 0.0, 0.0, 0.0, 0.3333333333333333, 0.0, 0.0, 0.0, -10.91304347826087, 0.0, 0.2, -9.585365853658535, 0.0, 1.3157894736842106, 0.0, 0.0, 1.7333333333333334, 3.6296296296296298, 0.0, -11.705882352941176, 0.0, 0.7105263157894737, 0.7142857142857143, 0.75, 0.0, 0.0, 0.6666666666666666, 0.5294117647058824, 0.0, 0.0, 1.2857142857142856, 0.0, 1.3333333333333333, 1.263157894736842, 2.4, 2.125, 1.5333333333333334, 0.0, 0.0, 1.1818181818181817, 4.08, -7.765625, 0.0, 0.0, 1.5454545454545454, 1.3793103448275863, 0.0, 0.0, 0.625, 0.0, 0.8, 1.68, 1.6, 0.0, 0.0, 0.0, 0.0, 0.4523809523809524, 1.2619047619047619, 0.0, 0.0, 0.0, 0.0, 2.5128205128205128, 1.1578947368421053, 0.12121212121212122, 0.0, 0.0, 0.0, 0.125, 0.0, -11.05084745762712, 0.9807692307692308, 1.7230769230769232, 0.0, -10.4375, -10.048780487804878, 3.6842105263157894, 0.0, 0.0, 0.0, 3.1764705882352944, 0.0, 0.4, 0.0, 2.380952380952381, 0.0, -8.85, 0.0, -6.999999999999999, 0.0, 0.0, -11.10344827586207, 0.0, 0.0, 0.0, 0.0, 0.0, 0.0, 0.0, 0.22727272727272727, 0.08333333333333333, 0.0, 0.0, 0.0, 0.0, 1.6956521739130435, 0.18181818181818182, 0.0, 0.0, 0.0, 0.0, -10.153846153846153, 0.0, 0.0, 0.0, 0.0, 0.0, 2.8363636363636364, 0.0, 0.0, 0.0, 0.0, 0.0, 0.0, 0.0, 0.0, 0.0, 0.0, 0.0, 0.0, 0.0, 0.0, 0.0, 0.0, 0.0, 0.0, 0.0, 0.0, 0.0, 0.0, 0.0, 0.0, 0.0, -11.285714285714286, 0.0, 0.0, 0.0, 0.0, 2.25, 0.8333333333333334, -21.6875, 0.0, 1.4375, 0.0, 0.0, 0.0, 1.7727272727272727, 1.6428571428571428, 1.0, 0.0, 0.0, 1.9473684210526314, 2.142857142857143, 0.13043478260869565, -11.916666666666666, 0.5, 0.0, 0.0, 0.0, 0.0, 0.0, 0.0, 0.0, 0.0, 0.16666666666666666, 0.0, 0.0, 0.0, 0.0, 0.0, -11.903225806451614, 0.0, 0.0, -12.045454545454545, 0.0, 0.0, 1.8, 0.0, 0.0, 0.0, 0.0, -11.5, 0.0, 0.0, 0.0, -11.826086956521738, 0.0, 0.0, 0.0, -43.670103092783506, 0.0, 0.0, 0.0, 0.0, 0.0, 1.5769230769230769, 1.6571428571428573, 0.0, 1.5, 0.0, 0.8095238095238095, 0.0, 1.9696969696969697, 0.0, 0.0, 0.0, 1.6600000000000001, 1.048780487804878, 3.0, 1.4736842105263157, 6.659340659340659, 3.916666666666667, 0.0, 0.0, 0.0, 0.0, 0.6875, 0.0, 1.5714285714285714, 0.0, 1.6, 0.0, 0.0, 1.5, 0.0, 2.090909090909091, 0.0, 0.0, 0.0, 0.0, 0.0, 0.0, 0.0, 0.0, 0.0, 1.0769230769230769, 0.0, 0.0, 1.75, 0.0, 0.0, 0.0, 0.0, 0.0, 0.0, 0.0, 0.0, 0.0, 0.0, 0.0, 0.0, 0.0, 0.0, 2.111111111111111, 0.0, 0.0, 0.0, 0.0, -12.0, 0.0, 0.0, 0.0, 0.0, 0.0, 0.0, 0.0, 0.0, 0.0, 0.0, -8.037037037037038, 0.0, 0.0, 0.0, 0.0, 0.0, -10.742857142857144, 0.0, 1.8043478260869565, 4.363636363636363, 0.20930232558139536, 0.0, 1.7551020408163265, 3.2222222222222223, 1.76, 1.8333333333333333, 2.6428571428571432, -7.542857142857143, 4.15625, 0.5, 0.0, 1.2040816326530612, 0.0, 3.4444444444444446, 1.5714285714285714, 0.0, 1.5777777777777777, 3.2608695652173916, 0.0, 0.8214285714285714, 0.0, 1.32, 1.5, 0.0, 0.0, 0.0, 0.0, 0.0, 0.0, 0.0, 0.0, 0.0, 0.0, 1.2857142857142858, 0.0, 2.8125, 0.0, 0.0, 1.7647058823529411, 0.0, 0.0, 0.0, 1.1071428571428572, 0.0, 2.1304347826086953, 0.0, 0.0, 0.0, 0.0, 0.0, 0.0, 0.0, 0.11428571428571428, -10.666666666666666, 0.0, 0.0, 0.0, -8.717391304347826, 0.0, 0.0, 0.0, 0.0, 0.0, -19.942857142857143, 0.0, 1.1538461538461537, 0.0, 0.375, 0.0, 0.0, 0.0, 0.0, 0.0, 0.0, 0.0, 0.1111111111111111, 0.0, 0.0, 0.0, 1.2307692307692308, 0.0, 0.0, 0.0, 0.0, 0.0, 0.0, 0.0, 0.0, 1.846153846153846, 0.625, 0.0, 0.0, 0.0, 0.8823529411764706, -10.441176470588234, 1.5, 0.0, 0.0, 1.0833333333333333, -9.142857142857142, 1.8484848484848486, 0.0, 1.2, -21.666666666666664, 0.0, 1.6451612903225807, -11.827586206896552, 0.0, 0.0, 0.0, 0.0, 0.0, 0.0, 0.0, 0.0, 0.0, -10.75, 4.095238095238095, 5.0625, 0.0]}